{
    "rmse": 0.7290200926597744,
    "mae": 0.5854838616033882,
    "r2": 0.186739815906236
}